교육지원청,"정보공시 학교코드",학교명,지역,학급수(계),학생수(계),"특수학급 학급수","특수학급 학생수",학교급코드,학교구분,공시연도
서울특별시강남서초교육지원청,S010000760,서울서래초등학교,서초구,47,1337,2,14,2,초,2023
교육부,S000003511,서울교육대학교부설초등학교,서초구,28,610,1,4,2,초,2023
교육부,S000003563,서울대학교사범대학부설초등학교,종로구,31,595,1,7,2,초,2023
서울특별시강남서초교육지원청,S010000739,서울개포초등학교,강남구,42,649,2,3,2,초,2023
서울특별시강남서초교육지원청,S010000741,서울구룡초등학교,강남구,34,737,2,11,2,초,2023
서울특별시강남서초교육지원청,S010000742,서울논현초등학교,강남구,15,248,2,12,2,초,2023
서울특별시강남서초교육지원청,S010000743,서울대곡초등학교,강남구,48,1175,1,2,2,초,2023
서울특별시강남서초교육지원청,S010000745,서울대모초등학교,강남구,32,849,1,2,2,초,2023
서울특별시강남서초교육지원청,S010000746,서울대왕초등학교,강남구,28,562,2,6,2,초,2023
서울특별시강남서초교육지원청,S010000747,서울대진초등학교,강남구,17,265,2,3,2,초,2023
서울특별시강남서초교육지원청,S010000748,서울대청초등학교,강남구,13,105,2,7,2,초,2023
서울특별시강남서초교육지원청,S010000750,서울대현초등학교,강남구,34,842,2,6,2,초,2023
서울특별시강남서초교육지원청,S010000751,서울도곡초등학교,강남구,38,879,2,9,2,초,2023
서울특별시강남서초교육지원청,S010000752,서울도성초등학교,강남구,58,1805,1,3,2,초,2023
서울특별시강남서초교육지원청,S010000755,서울방배초등학교,서초구,35,795,2,9,2,초,2023
서울특별시강남서초교육지원청,S010000756,서울방일초등학교,서초구,38,967,1,6,2,초,2023
서울특별시강남서초교육지원청,S010000759,서울삼릉초등학교,강남구,24,536,1,1,2,초,2023
서울특별시강남서초교육지원청,S010000761,서울서원초등학교,서초구,53,1513,2,12,2,초,2023
서울특별시강남서초교육지원청,S010000763,서울서일초등학교,서초구,24,498,1,5,2,초,2023
서울특별시강남서초교육지원청,S010000764,서울서초초등학교,서초구,37,1027,1,5,2,초,2023
서울특별시강남서초교육지원청,S010000765,서울수서초등학교,강남구,14,142,2,7,2,초,2023
서울특별시강남서초교육지원청,S010000766,서울신구초등학교,강남구,23,466,2,10,2,초,2023
서울특별시강남서초교육지원청,S010000768,서울신중초등학교,서초구,37,833,1,5,2,초,2023
서울특별시강남서초교육지원청,S010000770,서울양재초등학교,서초구,27,533,2,9,2,초,2023
서울특별시강남서초교육지원청,S010000771,서울양전초등학교,강남구,22,402,1,7,2,초,2023
서울특별시강남서초교육지원청,S010000772,서울언남초등학교,서초구,48,1063,3,13,2,초,2023
서울특별시강남서초교육지원청,S010000773,서울언북초등학교,강남구,61,1659,2,10,2,초,2023
서울특별시강남서초교육지원청,S010000774,서울언주초등학교,강남구,53,1481,2,12,2,초,2023
서울특별시강남서초교육지원청,S010000775,서울역삼초등학교,강남구,19,326,2,9,2,초,2023
서울특별시강남서초교육지원청,S010000776,서울영희초등학교,강남구,16,306,2,13,2,초,2023
서울특별시강남서초교육지원청,S010000777,서울왕북초등학교,강남구,35,846,2,8,2,초,2023
서울특별시강남서초교육지원청,S010000778,서울우암초등학교,서초구,15,252,2,8,2,초,2023
서울특별시강남서초교육지원청,S010000780,서울원촌초등학교,서초구,44,1058,2,10,2,초,2023
서울특별시강남서초교육지원청,S010000781,서울이수초등학교,서초구,27,565,2,10,2,초,2023
서울특별시강남서초교육지원청,S010000782,서울일원초등학교,강남구,44,1261,1,3,2,초,2023
서울특별시강남서초교육지원청,S010000785,서울포이초등학교,강남구,25,488,1,6,2,초,2023
서울특별시강동송파교육지원청,S010000897,서울가동초등학교,송파구,36,795,1,1,2,초,2023
서울특별시강동송파교육지원청,S010000898,서울가락초등학교,송파구,52,1208,1,6,2,초,2023
서울특별시강동송파교육지원청,S010000901,서울강덕초등학교,강동구,49,1163,1,4,2,초,2023
서울특별시강동송파교육지원청,S010000902,서울강동초등학교,강동구,28,540,2,9,2,초,2023
서울특별시강동송파교육지원청,S010000903,서울강일초등학교,강동구,34,690,2,3,2,초,2023
서울특별시강동송파교육지원청,S010000904,서울거여초등학교,송파구,33,685,2,13,2,초,2023
서울특별시강동송파교육지원청,S010000905,서울거원초등학교,송파구,34,636,2,10,2,초,2023
서울특별시강동송파교육지원청,S010000906,서울고덕초등학교,강동구,25,464,2,8,2,초,2023
서울특별시강동송파교육지원청,S010000908,서울고일초등학교,강동구,68,1846,1,5,2,초,2023
서울특별시강동송파교육지원청,S010000909,서울길동초등학교,강동구,37,762,2,12,2,초,2023
서울특별시강동송파교육지원청,S010000910,서울남천초등학교,송파구,19,329,2,5,2,초,2023
서울특별시강동송파교육지원청,S010000911,서울대명초등학교,강동구,36,768,1,5,2,초,2023
서울특별시강동송파교육지원청,S010000913,서울마천초등학교,송파구,41,807,2,11,2,초,2023
서울특별시강동송파교육지원청,S010000914,서울명덕초등학교,강동구,58,1802,1,8,2,초,2023
서울특별시강동송파교육지원청,S010000915,서울명원초등학교,강동구,31,749,1,7,2,초,2023
서울특별시강동송파교육지원청,S010000916,서울명일초등학교,강동구,48,1018,2,11,2,초,2023
서울특별시강동송파교육지원청,S010000917,서울묘곡초등학교,강동구,63,1452,1,2,2,초,2023
서울특별시강동송파교육지원청,S010000918,서울문덕초등학교,송파구,28,563,1,5,2,초,2023
서울특별시강동송파교육지원청,S010000919,서울문정초등학교,송파구,34,720,2,6,2,초,2023
서울특별시강동송파교육지원청,S010000921,서울방이초등학교,송파구,27,547,2,8,2,초,2023
서울특별시강동송파교육지원청,S010000922,서울삼전초등학교,송파구,37,696,3,16,2,초,2023
서울특별시강동송파교육지원청,S010000923,서울상일초등학교,강동구,12,168,1,2,2,초,2023
서울특별시강동송파교육지원청,S010000924,서울석촌초등학교,송파구,36,693,3,14,2,초,2023
서울특별시강동송파교육지원청,S010000925,서울선린초등학교,강동구,23,423,1,3,2,초,2023
서울특별시강동송파교육지원청,S010000927,서울성내초등학교,강동구,40,814,2,13,2,초,2023
서울특별시강동송파교육지원청,S010000928,서울성일초등학교,강동구,51,1049,2,6,2,초,2023
서울특별시강동송파교육지원청,S010000929,서울세륜초등학교,송파구,30,603,2,13,2,초,2023
서울특별시강동송파교육지원청,S010000931,서울송파초등학교,송파구,26,548,1,2,2,초,2023
서울특별시강동송파교육지원청,S010000932,서울신가초등학교,송파구,33,668,1,7,2,초,2023
서울특별시강동송파교육지원청,S010000933,서울신명초등학교,강동구,23,419,1,1,2,초,2023
서울특별시강동송파교육지원청,S010000934,서울신암초등학교,강동구,36,716,2,10,2,초,2023
서울특별시강동송파교육지원청,S010000935,서울신천초등학교,송파구,25,411,2,11,2,초,2023
서울특별시강동송파교육지원청,S010000937,서울영풍초등학교,송파구,33,670,2,9,2,초,2023
서울특별시강동송파교육지원청,S010000938,서울오금초등학교,송파구,32,660,1,4,2,초,2023
서울특별시강동송파교육지원청,S010000943,서울잠실초등학교,송파구,42,1013,1,9,2,초,2023
서울특별시강동송파교육지원청,S010000944,서울잠일초등학교,송파구,58,1676,1,6,2,초,2023
서울특별시강동송파교육지원청,S010000945,서울잠전초등학교,송파구,26,516,2,8,2,초,2023
서울특별시강동송파교육지원청,S010000946,서울중대초등학교,송파구,46,1008,1,4,2,초,2023
서울특별시강동송파교육지원청,S010000947,서울천동초등학교,강동구,38,770,2,10,2,초,2023
서울특별시강동송파교육지원청,S010000948,서울천일초등학교,강동구,18,278,2,5,2,초,2023
서울특별시강동송파교육지원청,S010000949,서울천호초등학교,강동구,34,667,2,8,2,초,2023
서울특별시강동송파교육지원청,S010000950,서울토성초등학교,송파구,34,698,1,5,2,초,2023
서울특별시강동송파교육지원청,S010000951,서울평화초등학교,송파구,13,175,1,4,2,초,2023
서울특별시강동송파교육지원청,S010000952,서울풍납초등학교,송파구,20,347,2,6,2,초,2023
서울특별시강동송파교육지원청,S010000953,서울풍성초등학교,송파구,16,291,1,2,2,초,2023
서울특별시강동송파교육지원청,S010000954,서울한산초등학교,강동구,35,718,1,4,2,초,2023
서울특별시강서양천교육지원청,S010001005,서울가양초등학교,강서구,16,207,2,8,2,초,2023
서울특별시강서양천교육지원청,S010001007,서울강서초등학교,양천구,48,948,3,17,2,초,2023
서울특별시강서양천교육지원청,S010001008,서울강신초등학교,양천구,35,742,1,4,2,초,2023
서울특별시강서양천교육지원청,S010001009,서울강월초등학교,양천구,29,479,1,6,2,초,2023
서울특별시강서양천교육지원청,S010001010,서울개화초등학교,강서구,10,89,2,4,2,초,2023
서울특별시강서양천교육지원청,S010001012,서울계남초등학교,양천구,34,717,1,6,2,초,2023
서울특별시강서양천교육지원청,S010001013,서울공진초등학교,강서구,67,1937,2,9,2,초,2023
서울특별시강서양천교육지원청,S010001014,서울공항초등학교,강서구,58,1550,3,16,2,초,2023
서울특별시강서양천교육지원청,S010001015,서울남명초등학교,양천구,26,549,2,10,2,초,2023
서울특별시강서양천교육지원청,S010001016,서울내발산초등학교,강서구,51,1292,2,11,2,초,2023
서울특별시강서양천교육지원청,S010001017,서울등명초등학교,강서구,9,105,1,5,2,초,2023
서울특별시강서양천교육지원청,S010001018,서울등서초등학교,강서구,19,274,1,6,2,초,2023
서울특별시강서양천교육지원청,S010001019,서울등양초등학교,강서구,12,164,1,4,2,초,2023
서울특별시강서양천교육지원청,S010001020,서울등원초등학교,강서구,13,160,2,9,2,초,2023
서울특별시강서양천교육지원청,S010001021,서울등촌초등학교,강서구,24,462,1,3,2,초,2023
서울특별시강서양천교육지원청,S010001023,서울목동초등학교,양천구,51,1343,2,12,2,초,2023
서울특별시강서양천교육지원청,S010001025,서울발산초등학교,강서구,47,1032,2,7,2,초,2023
서울특별시강서양천교육지원청,S010001026,서울방화초등학교,강서구,26,522,1,4,2,초,2023
서울특별시강서양천교육지원청,S010001027,서울백석초등학교,강서구,27,500,1,6,2,초,2023
서울특별시강서양천교육지원청,S010001028,서울삼정초등학교,강서구,13,223,1,4,2,초,2023
서울특별시강서양천교육지원청,S010001029,서울서정초등학교,양천구,35,807,1,6,2,초,2023
서울특별시강서양천교육지원청,S010001030,서울송정초등학교,강서구,38,720,2,11,2,초,2023
서울특별시강서양천교육지원청,S010001031,서울송화초등학교,강서구,54,1224,1,8,2,초,2023
서울특별시강서양천교육지원청,S010001032,서울신강초등학교,양천구,22,400,2,7,2,초,2023
서울특별시강서양천교육지원청,S010001033,서울신곡초등학교,강서구,31,623,2,9,2,초,2023
서울특별시강서양천교육지원청,S010001034,서울신남초등학교,양천구,40,960,2,10,2,초,2023
서울특별시강서양천교육지원청,S010001035,서울신목초등학교,양천구,40,957,2,15,2,초,2023
서울특별시강서양천교육지원청,S010001037,서울신원초등학교,양천구,23,415,2,12,2,초,2023
서울특별시강서양천교육지원청,S010001038,서울신월초등학교,강서구,32,604,2,11,2,초,2023
서울특별시강서양천교육지원청,S010001039,서울신정초등학교,강서구,67,1321,3,14,2,초,2023
서울특별시강서양천교육지원청,S010001040,서울양강초등학교,양천구,25,508,1,8,2,초,2023
서울특별시강서양천교육지원청,S010001041,서울양동초등학교,양천구,20,339,2,8,2,초,2023
서울특별시강서양천교육지원청,S010001042,서울양명초등학교,양천구,27,588,1,6,2,초,2023
서울특별시강서양천교육지원청,S010001043,서울양목초등학교,양천구,35,616,2,8,2,초,2023
서울특별시강서양천교육지원청,S010001044,서울양원초등학교,양천구,15,238,2,5,2,초,2023
서울특별시강서양천교육지원청,S010001046,서울양화초등학교,양천구,31,626,2,8,2,초,2023
서울특별시강서양천교육지원청,S010001048,서울염동초등학교,강서구,39,924,1,7,2,초,2023
서울특별시강서양천교육지원청,S010001049,서울염창초등학교,강서구,40,864,2,9,2,초,2023
서울특별시강서양천교육지원청,S010001052,서울월정초등학교,강서구,43,854,2,14,2,초,2023
서울특별시강서양천교육지원청,S010001054,서울은정초등학교,양천구,19,309,2,10,2,초,2023
서울특별시강서양천교육지원청,S010001055,서울정곡초등학교,강서구,14,152,2,4,2,초,2023
서울특별시강서양천교육지원청,S010001056,서울정목초등학교,양천구,43,893,1,6,2,초,2023
서울특별시강서양천교육지원청,S010001057,서울지향초등학교,양천구,31,663,1,7,2,초,2023
서울특별시강서양천교육지원청,S010001058,서울치현초등학교,강서구,30,535,1,6,2,초,2023
서울특별시강서양천교육지원청,S010001059,서울탑산초등학교,강서구,25,466,2,12,2,초,2023
서울특별시강서양천교육지원청,S010001060,서울화곡초등학교,강서구,41,800,2,12,2,초,2023
서울특별시남부교육지원청,S010001199,서울개명초등학교,구로구,17,315,1,5,2,초,2023
서울특별시남부교육지원청,S010001200,서울개봉초등학교,구로구,46,974,2,9,2,초,2023
서울특별시남부교육지원청,S010001201,서울개웅초등학교,구로구,26,490,2,10,2,초,2023
서울특별시남부교육지원청,S010001202,서울고산초등학교,구로구,21,401,1,6,2,초,2023
서울특별시남부교육지원청,S010001203,서울고척초등학교,구로구,30,478,2,6,2,초,2023
서울특별시남부교육지원청,S010001204,서울구로남초등학교,구로구,26,451,2,7,2,초,2023
서울특별시남부교육지원청,S010001205,서울구로초등학교,구로구,24,429,2,10,2,초,2023
서울특별시남부교육지원청,S010001206,서울구일초등학교,구로구,49,1078,2,9,2,초,2023
서울특별시남부교육지원청,S010001208,서울금천초등학교,금천구,12,143,1,2,2,초,2023
서울특별시남부교육지원청,S010001209,서울당산초등학교,영등포구,18,333,1,5,2,초,2023
서울특별시남부교육지원청,S010001211,서울당중초등학교,영등포구,28,576,2,9,2,초,2023
서울특별시남부교육지원청,S010001212,서울대길초등학교,영등포구,23,436,2,7,2,초,2023
서울특별시남부교육지원청,S010001213,서울대동초등학교,영등포구,23,349,2,4,2,초,2023
서울특별시남부교육지원청,S010001214,서울대방초등학교,영등포구,57,1339,2,8,2,초,2023
서울특별시남부교육지원청,S010001215,서울대영초등학교,영등포구,43,1017,2,9,2,초,2023
서울특별시남부교육지원청,S010001217,서울도림초등학교,영등포구,22,379,2,6,2,초,2023
서울특별시남부교육지원청,S010001218,서울도신초등학교,영등포구,14,221,1,5,2,초,2023
서울특별시남부교육지원청,S010001219,서울독산초등학교,금천구,29,520,4,15,2,초,2023
서울특별시남부교육지원청,S010001220,서울동구로초등학교,구로구,21,358,2,6,2,초,2023
서울특별시남부교육지원청,S010001221,서울두산초등학교,금천구,28,569,2,10,2,초,2023
서울특별시남부교육지원청,S010001222,서울매봉초등학교,구로구,14,244,2,8,2,초,2023
서울특별시남부교육지원청,S010001223,서울문교초등학교,금천구,14,256,1,6,2,초,2023
서울특별시남부교육지원청,S010001224,서울문래초등학교,영등포구,45,1126,1,10,2,초,2023
서울특별시남부교육지원청,S010001225,서울문백초등학교,금천구,31,591,2,8,2,초,2023
서울특별시남부교육지원청,S010001226,서울문성초등학교,금천구,24,388,3,5,2,초,2023
서울특별시남부교육지원청,S010001228,서울백산초등학교,금천구,16,244,2,6,2,초,2023
서울특별시남부교육지원청,S010001229,서울세곡초등학교,구로구,25,476,2,8,2,초,2023
서울특별시남부교육지원청,S010001230,서울시흥초등학교,금천구,26,467,3,16,2,초,2023
서울특별시남부교육지원청,S010001231,서울신구로초등학교,구로구,24,457,2,10,2,초,2023
서울특별시남부교육지원청,S010001232,서울신대림초등학교,영등포구,22,377,1,3,2,초,2023
서울특별시남부교육지원청,S010001233,서울신도림초등학교,구로구,46,1282,2,11,2,초,2023
서울특별시남부교육지원청,S010001235,서울신영초등학교,영등포구,27,478,2,8,2,초,2023
서울특별시남부교육지원청,S010001236,서울신흥초등학교,금천구,26,514,2,10,2,초,2023
서울특별시남부교육지원청,S010001237,서울안천초등학교,금천구,14,211,2,6,2,초,2023
서울특별시남부교육지원청,S010001238,서울여의도초등학교,영등포구,45,956,2,12,2,초,2023
서울특별시남부교육지원청,S010001239,서울영남초등학교,금천구,15,223,1,3,2,초,2023
서울특별시남부교육지원청,S010001240,서울영동초등학교,영등포구,21,402,2,10,2,초,2023
서울특별시남부교육지원청,S010001241,서울영등포초등학교,영등포구,16,275,2,6,2,초,2023
서울특별시남부교육지원청,S010001243,서울영서초등학교,구로구,32,637,2,5,2,초,2023
서울특별시남부교육지원청,S010001244,서울영신초등학교,영등포구,43,886,2,8,2,초,2023
서울특별시남부교육지원청,S010001245,서울영원초등학교,영등포구,27,546,1,2,2,초,2023
서울특별시남부교육지원청,S010001246,서울영일초등학교,구로구,18,286,2,8,2,초,2023
서울특별시남부교육지원청,S010001247,서울영중초등학교,영등포구,23,437,2,5,2,초,2023
서울특별시남부교육지원청,S010001248,서울오류남초등학교,구로구,33,674,2,12,2,초,2023
서울특별시남부교육지원청,S010001249,서울오류초등학교,구로구,31,637,2,8,2,초,2023
서울특별시남부교육지원청,S010001250,서울오정초등학교,구로구,19,336,1,4,2,초,2023
서울특별시남부교육지원청,S010001251,서울온수초등학교,구로구,39,812,2,10,2,초,2023
서울특별시남부교육지원청,S010001252,서울우신초등학교,영등포구,15,234,2,6,2,초,2023
서울특별시남부교육지원청,S010001254,서울정심초등학교,금천구,18,304,2,14,2,초,2023
서울특별시남부교육지원청,S010001255,서울탑동초등학교,금천구,24,469,2,15,2,초,2023
서울특별시동부교육지원청,S010001397,서울군자초등학교,동대문구,18,300,2,14,2,초,2023
서울특별시동부교육지원청,S010001398,서울답십리초등학교,동대문구,43,892,2,7,2,초,2023
서울특별시동부교육지원청,S010001400,서울동원초등학교,중랑구,21,366,2,11,2,초,2023
서울특별시동부교육지원청,S010001401,서울망우초등학교,중랑구,17,326,1,4,2,초,2023
서울특별시동부교육지원청,S010001402,서울면남초등학교,중랑구,18,316,2,9,2,초,2023
서울특별시동부교육지원청,S010001403,서울면동초등학교,중랑구,47,1039,2,8,2,초,2023
서울특별시동부교육지원청,S010001404,서울면목초등학교,중랑구,29,551,2,6,2,초,2023
서울특별시동부교육지원청,S010001405,서울면북초등학교,중랑구,9,119,1,7,2,초,2023
서울특별시동부교육지원청,S010001406,서울면일초등학교,중랑구,31,619,2,11,2,초,2023
서울특별시동부교육지원청,S010001407,서울면중초등학교,중랑구,16,320,1,5,2,초,2023
서울특별시동부교육지원청,S010001408,서울묵동초등학교,중랑구,22,405,2,7,2,초,2023
서울특별시동부교육지원청,S010001409,서울배봉초등학교,동대문구,22,445,2,6,2,초,2023
서울특별시동부교육지원청,S010001410,서울봉화초등학교,중랑구,26,496,3,10,2,초,2023
서울특별시동부교육지원청,S010001411,서울상봉초등학교,중랑구,29,578,2,12,2,초,2023
서울특별시동부교육지원청,S010001412,서울신내초등학교,중랑구,32,656,2,6,2,초,2023
서울특별시동부교육지원청,S010001413,서울신답초등학교,동대문구,29,509,2,6,2,초,2023
서울특별시동부교육지원청,S010001414,서울신묵초등학교,중랑구,18,356,1,6,2,초,2023
서울특별시동부교육지원청,S010001415,서울신현초등학교,중랑구,22,445,1,4,2,초,2023
서울특별시동부교육지원청,S010001416,서울안평초등학교,동대문구,44,1024,1,11,2,초,2023
서울특별시동부교육지원청,S010001417,서울용두초등학교,동대문구,20,422,1,4,2,초,2023
서울특별시동부교육지원청,S010001418,서울원묵초등학교,중랑구,46,1028,1,7,2,초,2023
서울특별시동부교육지원청,S010001419,서울이문초등학교,동대문구,36,751,3,16,2,초,2023
서울특별시동부교육지원청,S010001420,서울장평초등학교,동대문구,46,1099,2,13,2,초,2023
서울특별시동부교육지원청,S010001421,서울전곡초등학교,동대문구,17,290,2,6,2,초,2023
서울특별시동부교육지원청,S010001422,서울전농초등학교,동대문구,50,1052,2,7,2,초,2023
서울특별시동부교육지원청,S010001423,서울전동초등학교,동대문구,32,657,2,13,2,초,2023
서울특별시동부교육지원청,S010001424,서울종암초등학교,동대문구,24,522,1,4,2,초,2023
서울특별시동부교육지원청,S010001425,서울중곡초등학교,중랑구,38,824,2,10,2,초,2023
서울특별시동부교육지원청,S010001426,서울중랑초등학교,중랑구,32,665,2,10,2,초,2023
서울특별시동부교육지원청,S010001427,서울중목초등학교,중랑구,20,386,2,7,2,초,2023
서울특별시동부교육지원청,S010001428,서울중화초등학교,중랑구,49,1121,2,10,2,초,2023
서울특별시동부교육지원청,S010001429,서울중흥초등학교,중랑구,16,213,3,13,2,초,2023
서울특별시동부교육지원청,S010001430,서울청량초등학교,동대문구,30,598,2,5,2,초,2023
서울특별시동부교육지원청,S010001431,서울홍릉초등학교,동대문구,17,335,1,4,2,초,2023
서울특별시동부교육지원청,S010001432,서울홍파초등학교,동대문구,15,227,2,8,2,초,2023
서울특별시동부교육지원청,S010001433,서울휘경초등학교,동대문구,16,284,2,9,2,초,2023
서울특별시동작관악교육지원청,S010001576,서울강남초등학교,동작구,37,778,2,11,2,초,2023
서울특별시동작관악교육지원청,S010001577,서울관악초등학교,관악구,30,554,3,16,2,초,2023
서울특별시동작관악교육지원청,S010001578,서울구암초등학교,관악구,59,1365,2,9,2,초,2023
서울특별시동작관악교육지원청,S010001579,서울난곡초등학교,관악구,18,314,2,10,2,초,2023
서울특별시동작관악교육지원청,S010001580,서울난우초등학교,관악구,33,660,2,11,2,초,2023
서울특별시동작관악교육지원청,S010001581,서울난향초등학교,관악구,36,742,2,11,2,초,2023
서울특별시동작관악교육지원청,S010001582,서울남부초등학교,관악구,24,471,2,12,2,초,2023
서울특별시동작관악교육지원청,S010001583,서울남사초등학교,동작구,25,502,1,6,2,초,2023
서울특별시동작관악교육지원청,S010001584,서울남성초등학교,동작구,27,503,2,9,2,초,2023
서울특별시동작관악교육지원청,S010001585,서울노량진초등학교,동작구,14,208,2,9,2,초,2023
서울특별시동작관악교육지원청,S010001586,서울당곡초등학교,관악구,30,599,2,6,2,초,2023
서울특별시동작관악교육지원청,S010001587,서울대림초등학교,동작구,49,1029,1,5,2,초,2023
서울특별시동작관악교육지원청,S010001588,서울동작초등학교,동작구,26,550,1,6,2,초,2023
서울특별시동작관악교육지원청,S010001589,서울문창초등학교,동작구,24,411,2,10,2,초,2023
서울특별시동작관악교육지원청,S010001590,서울미성초등학교,관악구,34,682,2,6,2,초,2023
서울특별시동작관악교육지원청,S010001591,서울본동초등학교,동작구,9,117,1,3,2,초,2023
서울특별시동작관악교육지원청,S010001592,서울봉천초등학교,관악구,35,687,2,10,2,초,2023
서울특별시동작관악교육지원청,S010001593,서울사당초등학교,관악구,30,551,2,15,2,초,2023
서울특별시동작관악교육지원청,S010001594,서울삼성초등학교,관악구,18,349,1,8,2,초,2023
서울특별시동작관악교육지원청,S010001595,서울상도초등학교,동작구,41,798,2,9,2,초,2023
서울특별시동작관악교육지원청,S010001596,서울신길초등학교,동작구,45,966,2,7,2,초,2023
서울특별시동작관악교육지원청,S010001597,서울신남성초등학교,동작구,25,497,1,5,2,초,2023
서울특별시동작관악교육지원청,S010001598,서울신림초등학교,관악구,27,528,2,5,2,초,2023
서울특별시동작관악교육지원청,S010001599,서울신봉초등학교,관악구,16,267,2,10,2,초,2023
서울특별시동작관악교육지원청,S010001600,서울신상도초등학교,동작구,58,1442,2,14,2,초,2023
서울특별시동작관악교육지원청,S010001601,서울신성초등학교,관악구,26,499,2,8,2,초,2023
서울특별시동작관악교육지원청,S010001602,서울신우초등학교,관악구,17,291,1,4,2,초,2023
서울특별시동작관악교육지원청,S010001603,서울영본초등학교,동작구,37,767,1,5,2,초,2023
서울특별시동작관악교육지원청,S010001604,서울영화초등학교,동작구,21,421,2,11,2,초,2023
서울특별시동작관악교육지원청,S010001605,서울원당초등학교,관악구,14,170,2,11,2,초,2023
서울특별시동작관악교육지원청,S010001606,서울원신초등학교,관악구,14,177,3,12,2,초,2023
서울특별시동작관악교육지원청,S010001607,서울은로초등학교,동작구,40,847,2,6,2,초,2023
서울특별시동작관악교육지원청,S010001608,서울은천초등학교,관악구,45,917,3,22,2,초,2023
서울특별시동작관악교육지원청,S010001610,서울청룡초등학교,관악구,19,355,1,3,2,초,2023
서울특별시동작관악교육지원청,S010001612,서울흑석초등학교,동작구,28,505,2,5,2,초,2023
서울특별시북부교육지원청,S010001735,서울계상초등학교,노원구,24,425,2,13,2,초,2023
서울특별시북부교육지원청,S010001737,서울공연초등학교,노원구,24,464,2,10,2,초,2023
서울특별시북부교육지원청,S010001738,서울노원초등학교,노원구,16,302,2,10,2,초,2023
서울특별시북부교육지원청,S010001740,서울녹천초등학교,노원구,15,230,1,5,2,초,2023
서울특별시북부교육지원청,S010001741,서울누원초등학교,도봉구,38,745,2,8,2,초,2023
서울특별시북부교육지원청,S010001742,서울당현초등학교,노원구,26,482,1,5,2,초,2023
서울특별시북부교육지원청,S010001743,서울도봉초등학교,도봉구,20,351,2,11,2,초,2023
서울특별시북부교육지원청,S010001745,서울방학초등학교,도봉구,29,544,2,11,2,초,2023
서울특별시북부교육지원청,S010001746,서울백운초등학교,도봉구,38,764,2,9,2,초,2023
서울특별시북부교육지원청,S010001747,서울불암초등학교,노원구,39,808,1,4,2,초,2023
서울특별시북부교육지원청,S010001748,서울상경초등학교,노원구,31,635,2,11,2,초,2023
서울특별시북부교육지원청,S010001749,서울상계초등학교,노원구,15,244,2,9,2,초,2023
서울특별시북부교육지원청,S010001752,서울상원초등학교,노원구,21,372,1,5,2,초,2023
서울특별시북부교육지원청,S010001753,서울상월초등학교,노원구,13,181,1,1,2,초,2023
서울특별시북부교육지원청,S010001754,서울상천초등학교,노원구,20,364,2,13,2,초,2023
서울특별시북부교육지원청,S010001755,서울선곡초등학교,노원구,33,630,2,9,2,초,2023
서울특별시북부교육지원청,S010001756,서울수락초등학교,노원구,25,460,2,12,2,초,2023
서울특별시북부교육지원청,S010001757,서울수암초등학교,노원구,26,516,2,7,2,초,2023
서울특별시북부교육지원청,S010001758,서울숭미초등학교,도봉구,34,651,2,12,2,초,2023
서울특별시북부교육지원청,S010001759,서울신계초등학교,노원구,16,239,2,8,2,초,2023
서울특별시북부교육지원청,S010001760,서울신방학초등학교,도봉구,20,363,1,5,2,초,2023
서울특별시북부교육지원청,S010001761,서울신상계초등학교,노원구,23,368,2,11,2,초,2023
서울특별시북부교육지원청,S010001763,서울신학초등학교,도봉구,22,397,2,10,2,초,2023
서울특별시북부교육지원청,S010001764,서울신화초등학교,도봉구,20,361,2,6,2,초,2023
서울특별시북부교육지원청,S010001765,서울쌍문초등학교,도봉구,30,586,2,10,2,초,2023
서울특별시북부교육지원청,S010001766,서울연지초등학교,노원구,16,284,2,6,2,초,2023
서울특별시북부교육지원청,S010001767,서울연촌초등학교,노원구,28,512,2,5,2,초,2023
서울특별시북부교육지원청,S010001768,서울오봉초등학교,도봉구,18,327,1,3,2,초,2023
서울특별시북부교육지원청,S010001770,서울용동초등학교,노원구,16,254,2,6,2,초,2023
서울특별시북부교육지원청,S010001771,서울용원초등학교,노원구,30,583,2,9,2,초,2023
서울특별시북부교육지원청,S010001773,서울월계초등학교,노원구,18,292,1,1,2,초,2023
서울특별시북부교육지원청,S010001774,서울월천초등학교,도봉구,21,363,2,10,2,초,2023
서울특별시북부교육지원청,S010001777,서울중계초등학교,노원구,38,844,1,2,2,초,2023
서울특별시북부교육지원청,S010001779,서울중평초등학교,노원구,59,1331,1,5,2,초,2023
서울특별시북부교육지원청,S010001780,서울중현초등학교,노원구,12,137,2,6,2,초,2023
서울특별시북부교육지원청,S010001782,서울창도초등학교,도봉구,36,723,1,3,2,초,2023
서울특별시북부교육지원청,S010001783,서울창동초등학교,도봉구,19,381,1,4,2,초,2023
서울특별시북부교육지원청,S010001784,서울창림초등학교,도봉구,42,894,2,10,2,초,2023
서울특별시북부교육지원청,S010001785,서울창원초등학교,도봉구,16,293,1,5,2,초,2023
서울특별시북부교육지원청,S010001787,서울청계초등학교,노원구,16,276,2,6,2,초,2023
서울특별시북부교육지원청,S010001789,서울태랑초등학교,노원구,39,887,1,8,2,초,2023
서울특별시북부교육지원청,S010001790,서울태릉초등학교,노원구,41,858,1,7,2,초,2023
서울특별시서부교육지원청,S010001968,서울갈현초등학교,은평구,45,988,2,10,2,초,2023
서울특별시서부교육지원청,S010001969,서울고은초등학교,서대문구,25,476,2,8,2,초,2023
서울특별시서부교육지원청,S010001970,서울공덕초등학교,마포구,34,724,2,12,2,초,2023
서울특별시서부교육지원청,S010001971,서울구산초등학교,은평구,42,887,3,14,2,초,2023
서울특별시서부교육지원청,S010001972,서울금화초등학교,서대문구,23,458,2,10,2,초,2023
서울특별시서부교육지원청,S010001973,서울녹번초등학교,은평구,36,755,2,4,2,초,2023
서울특별시서부교육지원청,S010001974,서울대신초등학교,서대문구,13,186,1,7,2,초,2023
서울특별시서부교육지원청,S010001975,서울대은초등학교,은평구,11,161,1,5,2,초,2023
서울특별시서부교육지원청,S010001976,서울대조초등학교,은평구,36,770,2,15,2,초,2023
서울특별시서부교육지원청,S010001978,서울마포초등학교,마포구,33,694,2,4,2,초,2023
서울특별시서부교육지원청,S010001980,서울미동초등학교,서대문구,18,302,1,2,2,초,2023
서울특별시서부교육지원청,S010001981,서울북가좌초등학교,서대문구,55,1181,2,15,2,초,2023
서울특별시서부교육지원청,S010001982,서울북성초등학교,서대문구,43,970,1,3,2,초,2023
서울특별시서부교육지원청,S010001983,서울북한산초등학교,은평구,8,116,1,3,2,초,2023
서울특별시서부교육지원청,S010001984,서울불광초등학교,은평구,35,696,3,6,2,초,2023
서울특별시서부교육지원청,S010001985,서울상신초등학교,은평구,30,611,2,8,2,초,2023
서울특별시서부교육지원청,S010001986,서울상암초등학교,마포구,24,507,1,1,2,초,2023
서울특별시서부교육지원청,S010001987,서울서강초등학교,마포구,48,1056,2,5,2,초,2023
서울특별시서부교육지원청,S010001988,서울서교초등학교,마포구,20,376,1,3,2,초,2023
서울특별시서부교육지원청,S010001989,서울성산초등학교,마포구,31,661,2,10,2,초,2023
서울특별시서부교육지원청,S010001990,서울성서초등학교,마포구,25,481,2,8,2,초,2023
서울특별시서부교육지원청,S010001992,서울소의초등학교,마포구,22,450,1,7,2,초,2023
서울특별시서부교육지원청,S010001993,서울수색초등학교,은평구,24,271,1,3,2,초,2023
서울특별시서부교육지원청,S010001994,서울신도초등학교,은평구,44,1004,1,7,2,초,2023
서울특별시서부교육지원청,S010001995,서울신북초등학교,마포구,35,713,2,3,2,초,2023
서울특별시서부교육지원청,S010001996,서울신사초등학교,은평구,19,381,2,11,2,초,2023
서울특별시서부교육지원청,S010001997,서울신석초등학교,마포구,32,656,2,9,2,초,2023
서울특별시서부교육지원청,S010001998,서울아현초등학교,마포구,34,661,2,6,2,초,2023
서울특별시서부교육지원청,S010001999,서울안산초등학교,서대문구,34,642,2,11,2,초,2023
서울특별시서부교육지원청,S010002001,서울연가초등학교,서대문구,66,1555,2,13,2,초,2023
서울특별시서부교육지원청,S010002002,서울연신초등학교,은평구,15,244,2,9,2,초,2023
서울특별시서부교육지원청,S010002003,서울연은초등학교,은평구,31,788,2,5,2,초,2023
서울특별시서부교육지원청,S010002004,서울연천초등학교,은평구,14,229,2,12,2,초,2023
서울특별시서부교육지원청,S010002005,서울연희초등학교,서대문구,32,675,2,9,2,초,2023
서울특별시서부교육지원청,S010002006,서울염리초등학교,마포구,59,1447,2,8,2,초,2023
서울특별시서부교육지원청,S010002007,서울용강초등학교,마포구,27,540,2,11,2,초,2023
서울특별시서부교육지원청,S010002008,서울은평초등학교,은평구,45,936,2,12,2,초,2023
서울특별시서부교육지원청,S010002009,서울응암초등학교,은평구,41,864,3,20,2,초,2023
서울특별시서부교육지원청,S010002010,서울인왕초등학교,서대문구,24,505,1,3,2,초,2023
서울특별시서부교육지원청,S010002011,서울중동초등학교,마포구,25,476,2,7,2,초,2023
서울특별시서부교육지원청,S010002012,서울증산초등학교,은평구,34,711,2,5,2,초,2023
서울특별시서부교육지원청,S010002013,서울창서초등학교,서대문구,12,163,2,3,2,초,2023
서울특별시서부교육지원청,S010002014,서울창천초등학교,마포구,12,169,2,5,2,초,2023
서울특별시서부교육지원청,S010002015,서울한서초등학교,마포구,44,815,1,3,2,초,2023
서울특별시서부교육지원청,S010002016,서울홍연초등학교,서대문구,29,564,2,6,2,초,2023
서울특별시서부교육지원청,S010002017,서울홍은초등학교,서대문구,19,342,2,10,2,초,2023
서울특별시서부교육지원청,S010002018,서울홍제초등학교,서대문구,40,854,2,12,2,초,2023
서울특별시성동광진교육지원청,S010002164,서울경동초등학교,성동구,39,801,2,12,2,초,2023
서울특별시성동광진교육지원청,S010002165,서울경수초등학교,성동구,14,217,2,7,2,초,2023
서울특별시성동광진교육지원청,S010002166,서울경일초등학교,성동구,17,216,1,3,2,초,2023
서울특별시성동광진교육지원청,S010002168,서울광장초등학교,광진구,17,319,2,12,2,초,2023
서울특별시성동광진교육지원청,S010002170,서울구의초등학교,광진구,27,528,2,14,2,초,2023
서울특별시성동광진교육지원청,S010002171,서울금북초등학교,성동구,37,734,2,12,2,초,2023
서울특별시성동광진교육지원청,S010002172,서울금옥초등학교,성동구,18,312,2,6,2,초,2023
서울특별시성동광진교육지원청,S010002173,서울금호초등학교,성동구,30,582,2,11,2,초,2023
서울특별시성동광진교육지원청,S010002174,서울동명초등학교,성동구,17,268,2,15,2,초,2023
서울특별시성동광진교육지원청,S010002175,서울동의초등학교,광진구,34,662,2,9,2,초,2023
서울특별시성동광진교육지원청,S010002177,서울무학초등학교,성동구,26,458,2,11,2,초,2023
서울특별시성동광진교육지원청,S010002178,서울사근초등학교,성동구,13,162,2,10,2,초,2023
서울특별시성동광진교육지원청,S010002179,서울성수초등학교,성동구,18,245,1,5,2,초,2023
서울특별시성동광진교육지원청,S010002180,서울성자초등학교,광진구,25,535,1,2,2,초,2023
서울특별시성동광진교육지원청,S010002181,서울신양초등학교,광진구,27,475,2,8,2,초,2023
서울특별시성동광진교육지원청,S010002182,서울신자초등학교,광진구,19,304,2,8,2,초,2023
서울특별시성동광진교육지원청,S010002183,서울양남초등학교,광진구,13,145,2,9,2,초,2023
서울특별시성동광진교육지원청,S010002184,서울옥수초등학교,성동구,28,532,2,5,2,초,2023
서울특별시성동광진교육지원청,S010002185,서울옥정초등학교,성동구,34,698,2,9,2,초,2023
서울특별시성동광진교육지원청,S010002186,서울용곡초등학교,광진구,22,437,1,4,2,초,2023
서울특별시성동광진교육지원청,S010002187,서울용답초등학교,성동구,15,215,2,8,2,초,2023
서울특별시성동광진교육지원청,S010002188,서울용마초등학교,광진구,49,1034,2,12,2,초,2023
서울특별시성동광진교육지원청,S010002190,서울자양초등학교,광진구,22,460,1,5,2,초,2023
서울특별시성동광진교육지원청,S010002191,서울장안초등학교,광진구,28,528,2,13,2,초,2023
서울특별시성동광진교육지원청,S010002192,서울중광초등학교,광진구,14,245,1,11,2,초,2023
서울특별시성동광진교육지원청,S010002193,서울중마초등학교,광진구,21,375,1,6,2,초,2023
서울특별시성동광진교육지원청,S010002194,서울행당초등학교,성동구,35,720,2,14,2,초,2023
서울특별시성북강북교육지원청,S010002292,서울개운초등학교,성북구,34,702,1,6,2,초,2023
서울특별시성북강북교육지원청,S010002293,서울길음초등학교,성북구,46,1015,1,4,2,초,2023
서울특별시성북강북교육지원청,S010002294,서울돈암초등학교,성북구,35,733,2,6,2,초,2023
서울특별시성북강북교육지원청,S010002295,서울동신초등학교,성북구,22,423,2,6,2,초,2023
서울특별시성북강북교육지원청,S010002296,서울미아초등학교,성북구,49,1188,2,7,2,초,2023
서울특별시성북강북교육지원청,S010002297,서울미양초등학교,강북구,26,440,2,9,2,초,2023
서울특별시성북강북교육지원청,S010002298,서울번동초등학교,강북구,26,520,2,10,2,초,2023
서울특별시성북강북교육지원청,S010002300,서울삼선초등학교,성북구,27,560,1,1,2,초,2023
서울특별시성북강북교육지원청,S010002301,서울삼양초등학교,강북구,26,451,2,9,2,초,2023
서울특별시성북강북교육지원청,S010002302,서울석관초등학교,성북구,30,616,2,8,2,초,2023
서울특별시성북강북교육지원청,S010002303,서울성북초등학교,성북구,15,205,2,6,2,초,2023
서울특별시성북강북교육지원청,S010002304,서울송중초등학교,강북구,36,726,2,13,2,초,2023
서울특별시성북강북교육지원청,S010002305,서울송천초등학교,강북구,24,505,1,6,2,초,2023
서울특별시성북강북교육지원청,S010002306,서울수송초등학교,강북구,29,572,2,6,2,초,2023
서울특별시성북강북교육지원청,S010002307,서울수유초등학교,강북구,30,640,2,8,2,초,2023
서울특별시성북강북교육지원청,S010002308,서울숭곡초등학교,성북구,33,672,2,12,2,초,2023
서울특별시성북강북교육지원청,S010002309,서울숭덕초등학교,성북구,51,1101,2,13,2,초,2023
서울특별시성북강북교육지원청,S010002310,서울숭례초등학교,성북구,35,682,3,10,2,초,2023
서울특별시성북강북교육지원청,S010002311,서울숭인초등학교,성북구,51,1066,2,13,2,초,2023
서울특별시성북강북교육지원청,S010002312,서울안암초등학교,성북구,17,288,2,12,2,초,2023
서울특별시성북강북교육지원청,S010002313,서울오현초등학교,강북구,17,287,1,3,2,초,2023
서울특별시성북강북교육지원청,S010002314,서울우이초등학교,강북구,47,1043,2,10,2,초,2023
서울특별시성북강북교육지원청,S010002315,서울월곡초등학교,성북구,19,343,2,5,2,초,2023
서울특별시성북강북교육지원청,S010002316,서울유현초등학교,강북구,18,311,2,9,2,초,2023
서울특별시성북강북교육지원청,S010002317,서울인수초등학교,강북구,34,693,2,14,2,초,2023
서울특별시성북강북교육지원청,S010002318,서울일신초등학교,성북구,33,736,1,2,2,초,2023
서울특별시성북강북교육지원청,S010002319,서울장곡초등학교,성북구,40,843,2,12,2,초,2023
서울특별시성북강북교육지원청,S010002320,서울장위초등학교,성북구,23,443,2,10,2,초,2023
서울특별시성북강북교육지원청,S010002321,서울정덕초등학교,성북구,46,953,2,10,2,초,2023
서울특별시성북강북교육지원청,S010002322,서울정릉초등학교,성북구,30,632,1,4,2,초,2023
서울특별시성북강북교육지원청,S010002323,서울정수초등학교,성북구,15,225,1,5,2,초,2023
서울특별시성북강북교육지원청,S010002324,서울청덕초등학교,성북구,18,320,2,8,2,초,2023
서울특별시성북강북교육지원청,S010002325,서울화계초등학교,강북구,31,628,2,11,2,초,2023
서울특별시중부교육지원청,S010002370,서울교동초등학교,종로구,12,161,1,2,2,초,2023
서울특별시중부교육지원청,S010002371,서울금양초등학교,용산구,34,627,1,3,2,초,2023
서울특별시중부교육지원청,S010002372,서울남산초등학교,중구,14,229,2,6,2,초,2023
서울특별시중부교육지원청,S010002373,서울남정초등학교,용산구,18,300,1,6,2,초,2023
서울특별시중부교육지원청,S010002375,서울덕수초등학교,중구,22,456,1,3,2,초,2023
서울특별시중부교육지원청,S010002376,서울독립문초등학교,종로구,24,476,1,6,2,초,2023
서울특별시중부교육지원청,S010002377,서울매동초등학교,종로구,13,174,1,5,2,초,2023
서울특별시중부교육지원청,S010002378,서울명신초등학교,종로구,18,284,2,5,2,초,2023
서울특별시중부교육지원청,S010002379,서울보광초등학교,용산구,20,235,2,8,2,초,2023
서울특별시중부교육지원청,S010002380,서울봉래초등학교,중구,23,422,2,10,2,초,2023
서울특별시중부교육지원청,S010002381,서울삼광초등학교,용산구,21,383,1,6,2,초,2023
서울특별시중부교육지원청,S010002382,서울서빙고초등학교,용산구,21,375,2,10,2,초,2023
서울특별시중부교육지원청,S010002383,서울세검정초등학교,종로구,37,779,1,5,2,초,2023
서울특별시성동광진교육지원청,S010002384,서울숭신초등학교,성동구,39,864,2,9,2,초,2023
서울특별시중부교육지원청,S010002385,서울신용산초등학교,용산구,62,1428,2,8,2,초,2023
서울특별시중부교육지원청,S010002386,서울용산초등학교,용산구,19,362,1,1,2,초,2023
서울특별시중부교육지원청,S010002387,서울용암초등학교,용산구,11,125,1,2,2,초,2023
서울특별시중부교육지원청,S010002388,서울원효초등학교,용산구,27,515,1,6,2,초,2023
서울특별시중부교육지원청,S010002389,서울이태원초등학교,용산구,17,239,2,7,2,초,2023
서울특별시중부교육지원청,S010002390,서울장충초등학교,중구,21,352,2,6,2,초,2023
서울특별시중부교육지원청,S010002392,서울창신초등학교,종로구,23,348,1,7,2,초,2023
서울특별시중부교육지원청,S010002393,서울청구초등학교,중구,30,544,2,5,2,초,2023
서울특별시중부교육지원청,S010002394,서울청운초등학교,종로구,24,438,2,5,2,초,2023
서울특별시중부교육지원청,S010002395,서울청파초등학교,용산구,20,381,2,3,2,초,2023
서울특별시중부교육지원청,S010002396,서울충무초등학교,중구,14,194,1,3,2,초,2023
서울특별시중부교육지원청,S010002397,서울한강초등학교,용산구,15,237,2,7,2,초,2023
서울특별시중부교육지원청,S010002398,서울한남초등학교,용산구,16,310,1,6,2,초,2023
서울특별시중부교육지원청,S010002399,서울혜화초등학교,종로구,27,471,2,6,2,초,2023
서울특별시중부교육지원청,S010002400,서울효제초등학교,종로구,13,209,1,6,2,초,2023
서울특별시중부교육지원청,S010002401,서울후암초등학교,용산구,19,270,2,9,2,초,2023
서울특별시중부교육지원청,S010002402,서울흥인초등학교,중구,19,370,1,6,2,초,2023
서울특별시강서양천교육지원청,S010002495,서울신기초등학교,양천구,20,408,1,5,2,초,2023
서울특별시남부교육지원청,S010005177,서울금동초등학교,금천구,32,688,1,2,2,초,2023
서울특별시동작관악교육지원청,S010005179,서울봉현초등학교,관악구,37,746,1,7,2,초,2023
서울특별시성동광진교육지원청,S010005203,서울광진초등학교,광진구,28,569,1,5,2,초,2023
서울특별시서부교육지원청,S010005213,서울연광초등학교,은평구,15,216,2,13,2,초,2023
서울특별시북부교육지원청,S010005215,서울가인초등학교,도봉구,22,407,2,12,2,초,2023
서울특별시동부교육지원청,S010005236,서울묵현초등학교,중랑구,27,487,2,9,2,초,2023
서울특별시성동광진교육지원청,S010005244,서울마장초등학교,성동구,25,462,1,2,2,초,2023
서울특별시서부교육지원청,S010005247,서울서신초등학교,은평구,23,433,2,5,2,초,2023
서울특별시성북강북교육지원청,S010005249,서울석계초등학교,성북구,24,449,1,0,2,초,2023
서울특별시동작관악교육지원청,S010005251,서울보라매초등학교,동작구,55,1333,2,11,2,초,2023
서울특별시강서양천교육지원청,S010005253,서울염경초등학교,강서구,41,887,1,6,2,초,2023
서울특별시동작관악교육지원청,S010005257,서울조원초등학교,관악구,25,445,2,7,2,초,2023
서울특별시강서양천교육지원청,S010005259,서울화일초등학교,강서구,35,644,3,15,2,초,2023
서울특별시성동광진교육지원청,S010005269,서울행현초등학교,성동구,30,583,1,1,2,초,2023
서울특별시성북강북교육지원청,S010005272,서울길원초등학교,성북구,51,1243,2,11,2,초,2023
서울특별시성북강북교육지원청,S010005282,서울장월초등학교,성북구,29,693,1,3,2,초,2023
서울특별시동부교육지원청,S010005283,서울휘봉초등학교,동대문구,35,736,2,13,2,초,2023
서울특별시서부교육지원청,S010005370,서울상지초등학교,마포구,29,595,2,9,2,초,2023
서울특별시중부교육지원청,S010005374,서울신당초등학교,중구,17,342,1,3,2,초,2023
서울특별시강동송파교육지원청,S010005386,서울문현초등학교,송파구,41,842,2,9,2,초,2023
서울특별시강서양천교육지원청,S010005496,서울수명초등학교,강서구,45,951,1,6,2,초,2023
서울특별시서부교육지원청,S010005502,서울은명초등학교,은평구,51,1191,2,15,2,초,2023
서울특별시강동송파교육지원청,S010005503,서울개롱초등학교,송파구,18,349,1,7,2,초,2023
서울특별시서부교육지원청,S010005505,서울진관초등학교,은평구,38,788,2,8,2,초,2023
서울특별시강서양천교육지원청,S010005507,서울목운초등학교,양천구,51,1596,1,8,2,초,2023
서울특별시성동광진교육지원청,S010005513,서울송원초등학교,성동구,15,250,1,2,2,초,2023
서울특별시강동송파교육지원청,S010005527,서울강명초등학교,강동구,33,662,2,10,2,초,2023
서울특별시강서양천교육지원청,S010005546,서울등마초등학교,강서구,36,738,2,13,2,초,2023
서울특별시강서양천교육지원청,S010005548,서울신은초등학교,양천구,34,562,2,5,2,초,2023
서울특별시강남서초교육지원청,S010005549,서울우면초등학교,서초구,40,870,1,4,2,초,2023
서울특별시성동광진교육지원청,S010005551,서울동호초등학교,성동구,23,433,1,4,2,초,2023
서울특별시남부교육지원청,S010005553,서울천왕초등학교,구로구,36,733,3,12,2,초,2023
서울특별시서부교육지원청,S010005555,서울하늘초등학교,마포구,26,494,2,8,2,초,2023
서울특별시서부교육지원청,S010005557,서울은빛초등학교,은평구,31,620,3,17,2,초,2023
서울특별시서부교육지원청,S010005559,서울수리초등학교,은평구,21,401,2,9,2,초,2023
서울특별시동작관악교육지원청,S010005567,서울상현초등학교,동작구,37,698,2,8,2,초,2023
서울특별시서부교육지원청,S010005577,서울구현초등학교,은평구,28,549,3,15,2,초,2023
서울특별시서부교육지원청,S010005581,서울은진초등학교,은평구,30,627,1,7,2,초,2023
서울특별시서부교육지원청,S010005597,서울가재울초등학교,서대문구,66,1732,2,14,2,초,2023
서울특별시강동송파교육지원청,S010005599,서울위례솔초등학교,송파구,41,941,1,6,2,초,2023
서울특별시강동송파교육지원청,S010005600,서울고현초등학교,강동구,50,1338,1,7,2,초,2023
서울특별시서부교육지원청,S010005601,서울어울초등학교,은평구,27,519,1,3,2,초,2023
서울특별시동부교육지원청,S010005606,서울새솔초등학교,중랑구,43,890,2,10,2,초,2023
서울특별시강남서초교육지원청,S010005828,서울율현초등학교,강남구,46,889,2,9,2,초,2023
서울특별시강남서초교육지원청,S010005830,서울우솔초등학교,서초구,28,579,2,8,2,초,2023
서울특별시강남서초교육지원청,S010005831,서울자곡초등학교,강남구,31,618,2,10,2,초,2023
서울특별시강남서초교육지원청,S010005832,서울세명초등학교,강남구,43,880,2,7,2,초,2023
서울특별시강동송파교육지원청,S010006043,서울송례초등학교,송파구,56,1475,2,15,2,초,2023
서울특별시강동송파교육지원청,S010006211,서울위례별초등학교,송파구,70,1722,3,21,2,초,2023
서울특별시강동송파교육지원청,S010006385,서울강솔초등학교,강동구,23,451,1,6,2,초,2023
서울특별시남부교육지원청,S010006386,서울금나래초등학교,금천구,48,1021,3,4,2,초,2023
서울특별시남부교육지원청,S010006431,서울하늘숲초등학교,구로구,30,565,2,10,2,초,2023
서울특별시남부교육지원청,S010006432,서울항동초등학교,구로구,60,1316,2,12,2,초,2023
서울특별시강동송파교육지원청,S010006433,서울해누리초등학교,송파구,29,659,1,6,2,초,2023
서울특별시동부교육지원청,S010006476,서울양원숲초등학교,중랑구,23,506,1,4,2,초,2023
서울특별시강동송파교육지원청,S010006543,서울강빛초등학교,강동구,32,622,1,1,2,초,2023
교육부,S000003514,서울대학교사범대학부설중학교,성북구,25,559,1,6,3,중,2023
교육부,S000003562,서울대학교사범대학부설여자중학교,종로구,19,335,1,7,3,중,2023
서울특별시강남서초교육지원청,S010000698,개원중학교,강남구,30,896,3,19,3,중,2023
서울특별시강남서초교육지원청,S010000700,경원중학교,서초구,35,1056,1,6,3,중,2023
서울특별시강남서초교육지원청,S010000701,구룡중학교,강남구,29,784,1,6,3,중,2023
서울특별시강남서초교육지원청,S010000706,대왕중학교,강남구,28,892,1,6,3,중,2023
서울특별시강남서초교육지원청,S010000709,도곡중학교,강남구,24,709,1,7,3,중,2023
서울특별시강남서초교육지원청,S010000712,방배중학교,서초구,23,549,1,6,3,중,2023
서울특별시강남서초교육지원청,S010000716,서일중학교,서초구,34,1059,1,6,3,중,2023
서울특별시강남서초교육지원청,S010000717,서초중학교,서초구,27,696,1,7,3,중,2023
서울특별시강남서초교육지원청,S010000719,수서중학교,강남구,25,507,2,11,3,중,2023
서울특별시강남서초교육지원청,S010000723,신반포중학교,서초구,30,820,1,4,3,중,2023
서울특별시강남서초교육지원청,S010000724,신사중학교,강남구,16,366,1,7,3,중,2023
서울특별시강남서초교육지원청,S010000725,언남중학교,서초구,17,364,1,6,3,중,2023
서울특별시강남서초교육지원청,S010000726,언북중학교,강남구,15,321,1,7,3,중,2023
서울특별시강남서초교육지원청,S010000728,역삼중학교,강남구,36,1175,1,6,3,중,2023
서울특별시강남서초교육지원청,S010000729,영동중학교,서초구,34,1003,1,6,3,중,2023
서울특별시강남서초교육지원청,S010000730,원촌중학교,서초구,40,1175,1,4,3,중,2023
서울특별시강동송파교육지원청,S010000856,가락중학교,송파구,20,473,1,3,3,중,2023
서울특별시강동송파교육지원청,S010000857,가원중학교,송파구,19,425,1,2,3,중,2023
서울특별시강동송파교육지원청,S010000858,강일중학교,강동구,23,636,1,3,3,중,2023
서울특별시강동송파교육지원청,S010000860,고덕중학교,강동구,49,1389,1,5,3,중,2023
서울특별시강동송파교육지원청,S010000863,둔촌중학교,강동구,13,252,1,4,3,중,2023
서울특별시강동송파교육지원청,S010000864,명일중학교,강동구,38,982,2,9,3,중,2023
서울특별시강동송파교육지원청,S010000865,문정중학교,송파구,19,406,1,4,3,중,2023
서울특별시강동송파교육지원청,S010000866,방산중학교,송파구,19,440,1,5,3,중,2023
서울특별시강동송파교육지원청,S010000867,방이중학교,송파구,15,319,1,7,3,중,2023
서울특별시강동송파교육지원청,S010000874,성내중학교,강동구,21,492,1,7,3,중,2023
서울특별시강동송파교육지원청,S010000877,송파중학교,송파구,35,869,2,10,3,중,2023
서울특별시강동송파교육지원청,S010000878,신명중학교,강동구,22,494,1,5,3,중,2023
서울특별시강동송파교육지원청,S010000879,신암중학교,강동구,22,523,1,6,3,중,2023
서울특별시강동송파교육지원청,S010000880,신천중학교,송파구,37,1121,1,7,3,중,2023
서울특별시강동송파교육지원청,S010000885,오주중학교,송파구,19,423,2,13,3,중,2023
서울특별시강동송파교육지원청,S010000887,잠신중학교,송파구,38,1115,2,12,3,중,2023
서울특별시강동송파교육지원청,S010000890,천일중학교,강동구,21,475,2,13,3,중,2023
서울특별시강동송파교육지원청,S010000891,천호중학교,강동구,20,448,2,15,3,중,2023
서울특별시강동송파교육지원청,S010000892,풍납중학교,송파구,17,331,2,10,3,중,2023
서울특별시강동송파교육지원청,S010000895,한산중학교,강동구,14,325,1,5,3,중,2023
서울특별시강서양천교육지원청,S010000967,강신중학교,양천구,35,889,1,7,3,중,2023
서울특별시강서양천교육지원청,S010000970,공항중학교,강서구,23,526,2,8,3,중,2023
서울특별시강서양천교육지원청,S010000971,금옥중학교,양천구,33,780,1,6,3,중,2023
서울특별시강서양천교육지원청,S010000974,등원중학교,강서구,15,266,2,13,3,중,2023
서울특별시강서양천교육지원청,S010000978,목동중학교,양천구,47,1355,2,8,3,중,2023
서울특별시강서양천교육지원청,S010000980,방원중학교,강서구,15,327,1,6,3,중,2023
서울특별시강서양천교육지원청,S010000982,백석중학교,강서구,25,565,1,6,3,중,2023
서울특별시강서양천교육지원청,S010000985,성재중학교,강서구,18,376,1,6,3,중,2023
서울특별시강서양천교육지원청,S010000987,신남중학교,양천구,27,670,1,6,3,중,2023
서울특별시강서양천교육지원청,S010000989,신서중학교,양천구,45,1176,2,14,3,중,2023
서울특별시강서양천교육지원청,S010000990,신원중학교,양천구,14,233,2,7,3,중,2023
서울특별시강서양천교육지원청,S010000991,신월중학교,양천구,32,739,2,14,3,중,2023
서울특별시강서양천교육지원청,S010000993,신화중학교,양천구,10,228,1,1,3,중,2023
서울특별시강서양천교육지원청,S010000994,양강중학교,양천구,35,794,2,13,3,중,2023
서울특별시강서양천교육지원청,S010000995,양동중학교,양천구,29,632,2,3,3,중,2023
서울특별시강서양천교육지원청,S010001003,화원중학교,강서구,23,544,1,4,3,중,2023
서울특별시남부교육지원청,S010001165,가산중학교,금천구,20,423,2,11,3,중,2023
서울특별시남부교육지원청,S010001166,개봉중학교,구로구,18,379,2,3,3,중,2023
서울특별시남부교육지원청,S010001168,고척중학교,구로구,34,815,1,3,3,중,2023
서울특별시남부교육지원청,S010001169,구로중학교,구로구,21,391,1,6,3,중,2023
서울특별시남부교육지원청,S010001170,구일중학교,구로구,24,574,1,4,3,중,2023
서울특별시남부교육지원청,S010001171,난곡중학교,금천구,13,225,1,6,3,중,2023
서울특별시남부교육지원청,S010001173,당산중학교,영등포구,19,438,1,6,3,중,2023
서울특별시남부교육지원청,S010001174,대림중학교,영등포구,25,451,1,5,3,중,2023
서울특별시남부교육지원청,S010001175,대영중학교,영등포구,25,614,1,6,3,중,2023
서울특별시남부교육지원청,S010001178,문성중학교,금천구,13,223,1,4,3,중,2023
서울특별시남부교육지원청,S010001180,세일중학교,금천구,15,323,2,5,3,중,2023
서울특별시남부교육지원청,S010001181,시흥중학교,금천구,25,521,3,19,3,중,2023
서울특별시남부교육지원청,S010001182,신도림중학교,구로구,37,1054,1,4,3,중,2023
서울특별시남부교육지원청,S010001183,안천중학교,금천구,20,458,1,6,3,중,2023
서울특별시남부교육지원청,S010001184,선유중학교,영등포구,15,356,1,4,3,중,2023
서울특별시남부교육지원청,S010001185,양화중학교,영등포구,26,610,1,7,3,중,2023
서울특별시남부교육지원청,S010001186,여의도중학교,영등포구,27,616,2,10,3,중,2023
서울특별시남부교육지원청,S010001187,영남중학교,영등포구,21,433,3,13,3,중,2023
서울특별시남부교육지원청,S010001188,영림중학교,구로구,25,526,1,1,3,중,2023
서울특별시남부교육지원청,S010001189,영서중학교,구로구,26,548,3,5,3,중,2023
서울특별시남부교육지원청,S010001190,영원중학교,영등포구,23,493,2,8,3,중,2023
서울특별시남부교육지원청,S010001191,오남중학교,구로구,25,578,1,7,3,중,2023
서울특별시남부교육지원청,S010001192,경인중학교,구로구,29,632,3,12,3,중,2023
서울특별시남부교육지원청,S010001193,오류중학교,구로구,16,321,1,5,3,중,2023
서울특별시남부교육지원청,S010001196,한울중학교,금천구,26,542,2,9,3,중,2023
서울특별시동부교육지원청,S010001368,동대문중학교,동대문구,24,578,2,9,3,중,2023
서울특별시동부교육지원청,S010001369,동원중학교,중랑구,16,383,1,4,3,중,2023
서울특별시동부교육지원청,S010001370,면목중학교,중랑구,21,463,1,1,3,중,2023
서울특별시동부교육지원청,S010001371,봉화중학교,중랑구,15,263,2,7,3,중,2023
서울특별시동부교육지원청,S010001372,상봉중학교,중랑구,28,691,1,6,3,중,2023
서울특별시동부교육지원청,S010001373,성일중학교,동대문구,14,318,1,5,3,중,2023
서울특별시동부교육지원청,S010001375,숭인중학교,동대문구,16,328,2,5,3,중,2023
서울특별시동부교육지원청,S010001376,신현중학교,중랑구,29,695,2,12,3,중,2023
서울특별시동부교육지원청,S010001378,용마중학교,중랑구,21,466,2,9,3,중,2023
서울특별시동부교육지원청,S010001380,장안중학교,중랑구,20,415,3,11,3,중,2023
서울특별시동부교육지원청,S010001381,장평중학교,동대문구,28,715,2,9,3,중,2023
서울특별시동부교육지원청,S010001383,전동중학교,동대문구,19,425,2,10,3,중,2023
서울특별시동부교육지원청,S010001384,전일중학교,동대문구,17,382,1,2,3,중,2023
서울특별시동부교육지원청,S010001386,중랑중학교,중랑구,16,347,1,4,3,중,2023
서울특별시동부교육지원청,S010001387,중화중학교,중랑구,22,444,3,12,3,중,2023
서울특별시동부교육지원청,S010001388,청량중학교,동대문구,19,375,3,9,3,중,2023
서울특별시동부교육지원청,S010001389,태릉중학교,중랑구,17,403,1,6,3,중,2023
서울특별시동부교육지원청,S010001393,휘경중학교,동대문구,15,302,2,4,3,중,2023
서울특별시동작관악교육지원청,S010001545,강남중학교,동작구,14,262,1,3,3,중,2023
서울특별시동작관악교육지원청,S010001546,강현중학교,동작구,16,371,1,8,3,중,2023
서울특별시동작관악교육지원청,S010001547,관악중학교,관악구,14,292,1,4,3,중,2023
서울특별시동작관악교육지원청,S010001549,국사봉중학교,동작구,17,351,2,8,3,중,2023
서울특별시동작관악교육지원청,S010001550,난우중학교,관악구,22,516,2,9,3,중,2023
서울특별시동작관악교육지원청,S010001552,남서울중학교,관악구,14,271,2,9,3,중,2023
서울특별시동작관악교육지원청,S010001553,남성중학교,동작구,14,281,2,7,3,중,2023
서울특별시동작관악교육지원청,S010001554,당곡중학교,관악구,23,541,2,10,3,중,2023
서울특별시동작관악교육지원청,S010001555,대방중학교,동작구,28,718,1,7,3,중,2023
서울특별시동작관악교육지원청,S010001558,문창중학교,동작구,16,337,1,3,3,중,2023
서울특별시동작관악교육지원청,S010001559,미성중학교,관악구,19,437,1,7,3,중,2023
서울특별시동작관악교육지원청,S010001560,봉림중학교,관악구,13,263,1,6,3,중,2023
서울특별시동작관악교육지원청,S010001561,봉원중학교,관악구,21,477,2,11,3,중,2023
서울특별시동작관악교육지원청,S010001562,사당중학교,동작구,21,485,1,6,3,중,2023
서울특별시동작관악교육지원청,S010001564,상현중학교,동작구,22,511,1,7,3,중,2023
서울특별시동작관악교육지원청,S010001568,신관중학교,관악구,13,236,1,3,3,중,2023
서울특별시동작관악교육지원청,S010001569,삼성중학교,관악구,13,248,1,5,3,중,2023
서울특별시동작관악교육지원청,S010001570,신림중학교,관악구,14,298,1,3,3,중,2023
서울특별시동작관악교육지원청,S010001571,영등포중학교,동작구,13,214,1,7,3,중,2023
서울특별시동작관악교육지원청,S010001573,장승중학교,동작구,25,595,2,12,3,중,2023
서울특별시북부교육지원청,S010001696,공릉중학교,노원구,31,657,1,4,3,중,2023
서울특별시북부교육지원청,S010001698,노곡중학교,도봉구,16,338,1,4,3,중,2023
서울특별시북부교육지원청,S010001699,노원중학교,노원구,21,452,2,4,3,중,2023
서울특별시북부교육지원청,S010001701,녹천중학교,노원구,19,418,1,6,3,중,2023
서울특별시북부교육지원청,S010001702,도봉중학교,도봉구,18,345,1,4,3,중,2023
서울특별시북부교육지원청,S010001703,방학중학교,도봉구,18,400,2,12,3,중,2023
서울특별시북부교육지원청,S010001704,백운중학교,도봉구,23,491,2,9,3,중,2023
서울특별시북부교육지원청,S010001707,상경중학교,노원구,21,466,1,6,3,중,2023
서울특별시북부교육지원청,S010001708,상계제일중학교,노원구,25,495,2,6,3,중,2023
서울특별시북부교육지원청,S010001709,상계중학교,노원구,24,503,2,12,3,중,2023
서울특별시북부교육지원청,S010001713,수락중학교,노원구,21,419,2,6,3,중,2023
서울특별시북부교육지원청,S010001714,신도봉중학교,도봉구,23,476,2,9,3,중,2023
서울특별시북부교육지원청,S010001717,신창중학교,노원구,16,310,2,9,3,중,2023
서울특별시북부교육지원청,S010001719,온곡중학교,노원구,23,511,1,6,3,중,2023
서울특별시북부교육지원청,S010001720,월계중학교,노원구,16,322,2,6,3,중,2023
서울특별시북부교육지원청,S010001723,중계중학교,노원구,32,884,1,4,3,중,2023
서울특별시북부교육지원청,S010001724,중원중학교,노원구,21,386,2,11,3,중,2023
서울특별시북부교육지원청,S010001725,중평중학교,노원구,31,809,1,5,3,중,2023
서울특별시북부교육지원청,S010001726,창동중학교,도봉구,28,619,2,7,3,중,2023
서울특별시북부교육지원청,S010001730,태랑중학교,노원구,24,555,1,3,3,중,2023
서울특별시북부교육지원청,S010001731,하계중학교,노원구,33,705,1,4,3,중,2023
서울특별시북부교육지원청,S010001732,한천중학교,노원구,27,596,2,8,3,중,2023
서울특별시서부교육지원청,S010001926,구산중학교,은평구,24,560,2,14,3,중,2023
서울특별시서부교육지원청,S010001928,덕산중학교,은평구,15,327,1,6,3,중,2023
서울특별시서부교육지원청,S010001932,불광중학교,은평구,22,519,2,14,3,중,2023
서울특별시서부교육지원청,S010001933,상신중학교,은평구,15,287,1,8,3,중,2023
서울특별시서부교육지원청,S010001934,서연중학교,서대문구,13,251,1,4,3,중,2023
서울특별시서부교육지원청,S010001935,서울여자중학교,마포구,25,652,1,5,3,중,2023
서울특별시서부교육지원청,S010001938,성사중학교,마포구,15,293,2,5,3,중,2023
서울특별시서부교육지원청,S010001939,성산중학교,마포구,21,455,1,7,3,중,2023
서울특별시서부교육지원청,S010001940,성서중학교,마포구,19,424,1,5,3,중,2023
서울특별시서부교육지원청,S010001943,신수중학교,마포구,19,451,1,3,3,중,2023
서울특별시서부교육지원청,S010001944,신연중학교,서대문구,17,354,2,3,3,중,2023
서울특별시서부교육지원청,S010001945,아현중학교,마포구,24,585,2,12,3,중,2023
서울특별시서부교육지원청,S010001946,연북중학교,서대문구,13,275,1,5,3,중,2023
서울특별시서부교육지원청,S010001947,연서중학교,은평구,15,327,1,9,3,중,2023
서울특별시서부교육지원청,S010001948,연신중학교,은평구,17,369,1,7,3,중,2023
서울특별시서부교육지원청,S010001953,은평중학교,은평구,23,516,2,14,3,중,2023
서울특별시서부교육지원청,S010001959,중암중학교,마포구,30,748,1,4,3,중,2023
서울특별시서부교육지원청,S010001961,증산중학교,은평구,19,376,1,8,3,중,2023
서울특별시서부교육지원청,S010001964,홍은중학교,서대문구,15,349,1,3,3,중,2023
서울특별시성동광진교육지원청,S010002144,경수중학교,성동구,14,256,2,8,3,중,2023
서울특별시성동광진교육지원청,S010002148,광진중학교,광진구,15,270,2,7,3,중,2023
서울특별시성동광진교육지원청,S010002149,광희중학교,성동구,32,780,2,11,3,중,2023
서울특별시성동광진교육지원청,S010002150,구의중학교,광진구,18,416,1,6,3,중,2023
서울특별시성동광진교육지원청,S010002152,동마중학교,성동구,19,382,2,12,3,중,2023
서울특별시성동광진교육지원청,S010002156,성원중학교,성동구,13,174,1,5,3,중,2023
서울특별시성동광진교육지원청,S010002158,옥정중학교,성동구,25,539,2,8,3,중,2023
서울특별시성동광진교육지원청,S010002160,자양중학교,광진구,28,665,2,12,3,중,2023
서울특별시성북강북교육지원청,S010002263,강북중학교,강북구,17,377,2,10,3,중,2023
서울특별시성북강북교육지원청,S010002268,번동중학교,강북구,22,478,2,9,3,중,2023
서울특별시성북강북교육지원청,S010002269,북악중학교,성북구,16,341,1,8,3,중,2023
서울특별시성북강북교육지원청,S010002270,삼선중학교,성북구,18,388,2,10,3,중,2023
서울특별시성북강북교육지원청,S010002273,석관중학교,성북구,23,517,2,11,3,중,2023
서울특별시성북강북교육지원청,S010002276,수송중학교,강북구,16,337,1,3,3,중,2023
서울특별시성북강북교육지원청,S010002277,수유중학교,강북구,17,373,1,4,3,중,2023
서울특별시성북강북교육지원청,S010002281,월곡중학교,성북구,22,500,2,10,3,중,2023
서울특별시성북강북교육지원청,S010002282,인수중학교,강북구,18,385,1,3,3,중,2023
서울특별시성북강북교육지원청,S010002284,종암중학교,성북구,22,450,2,8,3,중,2023
서울특별시성북강북교육지원청,S010002285,창문여자중학교,강북구,20,478,2,7,3,중,2023
서울특별시성북강북교육지원청,S010002288,화계중학교,강북구,17,342,2,6,3,중,2023
서울특별시중부교육지원청,S010002337,금호여자중학교,중구,7,87,1,1,3,중,2023
서울특별시중부교육지원청,S010002341,덕수중학교,중구,15,239,2,6,3,중,2023
서울특별시중부교육지원청,S010002350,선린중학교,용산구,25,486,3,15,3,중,2023
서울특별시중부교육지원청,S010002355,용강중학교,용산구,31,816,1,5,3,중,2023
서울특별시중부교육지원청,S010002356,용산중학교,용산구,16,280,2,9,3,중,2023
서울특별시중부교육지원청,S010002360,창덕여자중학교,중구,14,214,2,7,3,중,2023
서울특별시중부교육지원청,S010002361,청운중학교,종로구,18,369,1,4,3,중,2023
서울특별시중부교육지원청,S010002362,한강중학교,용산구,18,331,3,9,3,중,2023
서울특별시동작관악교육지원청,S010005211,구암중학교,관악구,43,1140,2,14,3,중,2023
서울특별시성동광진교육지원청,S010005286,양진중학교,광진구,35,882,2,11,3,중,2023
서울특별시강서양천교육지원청,S010005287,염경중학교,강서구,24,539,1,4,3,중,2023
서울특별시서부교육지원청,S010005366,상암중학교,마포구,40,1018,2,8,3,중,2023
서울특별시강서양천교육지원청,S010005497,수명중학교,강서구,22,561,1,4,3,중,2023
서울특별시서부교육지원청,S010005510,진관중학교,은평구,41,1061,2,11,3,중,2023
서울특별시강서양천교육지원청,S010005515,목운중학교,양천구,46,1384,1,7,3,중,2023
서울특별시성북강북교육지원청,S010005516,솔샘중학교,강북구,19,389,2,9,3,중,2023
서울특별시서부교육지원청,S010005519,인왕중학교,서대문구,18,373,2,9,3,중,2023
서울특별시강동송파교육지원청,S010005520,문현중학교,송파구,23,500,2,11,3,중,2023
서울특별시강동송파교육지원청,S010005526,강명중학교,강동구,32,725,2,7,3,중,2023
서울특별시강동송파교육지원청,S010005540,강동중학교,강동구,25,626,2,8,3,중,2023
서울특별시서부교육지원청,S010005561,신도중학교,은평구,46,1162,2,10,3,중,2023
서울특별시서부교육지원청,S010005569,창천중학교,마포구,18,366,2,13,3,중,2023
서울특별시남부교육지원청,S010005571,천왕중학교,구로구,33,819,1,6,3,중,2023
서울특별시서부교육지원청,S010005592,가재울중학교,서대문구,26,667,2,15,3,중,2023
서울특별시강동송파교육지원청,S010005593,위례솔중학교,송파구,24,467,1,6,3,중,2023
서울특별시성북강북교육지원청,S010005595,길음중학교,성북구,31,902,1,6,3,중,2023
서울특별시강서양천교육지원청,S010005596,마곡중학교,강서구,25,612,1,2,3,중,2023
서울특별시성북강북교육지원청,S010005612,숭곡중학교,성북구,26,654,2,11,3,중,2023
서울특별시강남서초교육지원청,S010005829,세곡중학교,강남구,37,1054,2,14,3,중,2023
서울특별시강동송파교육지원청,S010006041,송례중학교,송파구,49,1355,1,8,3,중,2023
서울특별시강남서초교육지원청,S010006334,내곡중학교,서초구,18,391,1,7,3,중,2023
서울특별시남부교육지원청,S010006401,항동중학교,구로구,21,463,2,2,3,중,2023
서울특별시남부교육지원청,S010006402,신길중학교,영등포구,29,704,2,11,3,중,2023
서울특별시강동송파교육지원청,S010006434,해누리중학교,송파구,23,658,1,7,3,중,2023
서울특별시강동송파교육지원청,S010006545,강빛중학교,강동구,16,263,1,2,3,중,2023
교육부,S000003561,서울대학교사범대학부설고등학교,성북구,27,711,3,22,4,고,2023
서울특별시교육청,S010000373,개포고등학교,강남구,30,693,3,9,4,고,2023
서울특별시교육청,S010000375,경기고등학교,강남구,44,1063,3,16,4,고,2023
서울특별시교육청,S010000376,경기여자고등학교,강남구,42,1094,3,12,4,고,2023
서울특별시교육청,S010000377,경동고등학교,성북구,25,542,3,13,4,고,2023
서울특별시교육청,S010000379,경복고등학교,종로구,33,589,3,18,4,고,2023
서울특별시교육청,S010000383,경인고등학교,구로구,42,1095,3,16,4,고,2023
서울특별시교육청,S010000386,계성고등학교,성북구,33,832,3,17,4,고,2023
서울특별시교육청,S010000388,고척고등학교,구로구,30,753,3,14,4,고,2023
서울특별시교육청,S010000389,공항고등학교,강서구,27,645,3,16,4,고,2023
서울특별시교육청,S010000390,관악고등학교,영등포구,30,741,3,9,4,고,2023
서울특별시교육청,S010000395,광양고등학교,광진구,24,494,3,10,4,고,2023
서울특별시교육청,S010000401,금옥여자고등학교,양천구,30,736,3,14,4,고,2023
서울특별시교육청,S010000402,금천고등학교,금천구,30,688,3,18,4,고,2023
서울특별시교육청,S010000404,노원고등학교,노원구,27,568,3,14,4,고,2023
서울특별시교육청,S010000410,대영고등학교,영등포구,30,755,3,16,4,고,2023
서울특별시교육청,S010000419,독산고등학교,금천구,27,596,3,20,4,고,2023
서울특별시교육청,S010000422,동명여자고등학교,은평구,38,857,3,12,4,고,2023
서울특별시교육청,S010000427,동작고등학교,동작구,30,714,3,16,4,고,2023
서울특별시교육청,S010000428,둔촌고등학교,강동구,30,669,3,21,4,고,2023
서울특별시교육청,S010000430,면목고등학교,중랑구,27,614,3,10,4,고,2023
서울특별시교육청,S010000434,명일여자고등학교,강동구,29,582,3,13,4,고,2023
서울특별시교육청,S010000435,명지고등학교,서대문구,48,1315,3,19,4,고,2023
서울특별시교육청,S010000436,무학여자고등학교,성동구,29,521,3,8,4,고,2023
서울특별시교육청,S010000438,문일고등학교,금천구,36,854,3,14,4,고,2023
서울특별시교육청,S010000440,반포고등학교,서초구,33,757,3,18,4,고,2023
서울특별시교육청,S010000448,삼성고등학교,관악구,19,308,3,16,4,고,2023
서울특별시교육청,S010000449,상계고등학교,노원구,33,733,3,14,4,고,2023
서울특별시교육청,S010000456,서울고등학교,서초구,45,1223,3,13,4,고,2023
서울특별시교육청,S010000459,서울세종고등학교,강남구,25,554,1,6,4,고,2023
서울특별시교육청,S010000460,서울여자고등학교,마포구,32,803,3,12,4,고,2023
서울특별시교육청,S010000463,서초고등학교,서초구,33,799,3,15,4,고,2023
서울특별시교육청,S010000464,석관고등학교,성북구,28,701,1,3,4,고,2023
서울특별시교육청,S010000469,성동고등학교,중구,24,445,3,15,4,고,2023
서울특별시교육청,S010000472,성심여자고등학교,용산구,24,411,3,9,4,고,2023
서울특별시교육청,S010000476,송곡여자고등학교,중랑구,30,651,3,14,4,고,2023
서울특별시교육청,S010000477,수도여자고등학교,동작구,33,818,3,13,4,고,2023
서울특별시교육청,S010000478,수락고등학교,노원구,27,542,3,16,4,고,2023
서울특별시교육청,S010000481,숭실고등학교,은평구,42,1070,3,16,4,고,2023
서울특별시교육청,S010000484,신림고등학교,관악구,21,499,3,19,4,고,2023
서울특별시교육청,S010000485,신목고등학교,양천구,42,1114,3,16,4,고,2023
서울특별시교육청,S010000491,언남고등학교,서초구,30,620,3,14,4,고,2023
서울특별시교육청,S010000492,여의도고등학교,영등포구,33,751,3,15,4,고,2023
서울특별시교육청,S010000493,여의도여자고등학교,영등포구,25,549,1,4,4,고,2023
서울특별시교육청,S010000497,영등포고등학교,동작구,26,545,3,10,4,고,2023
서울특별시교육청,S010000498,영등포여자고등학교,영등포구,24,466,3,6,4,고,2023
서울특별시교육청,S010000501,영신고등학교,영등포구,27,641,3,15,4,고,2023
서울특별시교육청,S010000502,영신여자고등학교,노원구,36,734,3,20,4,고,2023
서울특별시교육청,S010000505,영훈고등학교,강북구,38,1016,2,8,4,고,2023
서울특별시교육청,S010000511,용산고등학교,용산구,39,815,3,15,4,고,2023
서울특별시교육청,S010000521,자양고등학교,광진구,35,880,3,15,4,고,2023
서울특별시교육청,S010000522,잠신고등학교,송파구,33,688,3,10,4,고,2023
서울특별시교육청,S010000530,중경고등학교,용산구,21,372,3,6,4,고,2023
서울특별시교육청,S010000536,중화고등학교,중랑구,24,547,3,8,4,고,2023
서울특별시교육청,S010000539,창덕여자고등학교,송파구,30,439,2,4,4,고,2023
서울특별시교육청,S010000540,창동고등학교,도봉구,42,1059,3,20,4,고,2023
서울특별시교육청,S010000541,창문여자고등학교,강북구,38,926,3,17,4,고,2023
서울특별시교육청,S010000542,청담고등학교,강남구,30,502,3,5,4,고,2023
서울특별시교육청,S010000543,청량고등학교,동대문구,33,836,3,18,4,고,2023
서울특별시교육청,S010000547,태릉고등학교,중랑구,30,735,3,13,4,고,2023
서울특별시교육청,S010000548,풍문고등학교,강남구,34,882,1,1,4,고,2023
서울특별시교육청,S010000554,한서고등학교,강서구,28,605,1,6,4,고,2023
서울특별시교육청,S010000558,한영고등학교,강동구,41,1127,2,13,4,고,2023
서울특별시교육청,S010000562,혜화여자고등학교,강북구,27,635,3,4,4,고,2023
서울특별시교육청,S010000579,경기기계공업고등학교,노원구,47,680,2,4,4,고,2023
서울특별시교육청,S010000588,서울공업고등학교,동작구,51,826,3,15,4,고,2023
서울특별시교육청,S010000593,서울인공지능고등학교,송파구,25,307,3,10,4,고,2023
서울특별시교육청,S010000637,서울문화고등학교,도봉구,29,393,3,19,4,고,2023
서울특별시교육청,S010000642,서울금융고등학교,양천구,24,277,3,13,4,고,2023
서울특별시교육청,S010000649,염광메디텍고등학교,노원구,19,291,2,5,4,고,2023
서울특별시교육청,S010005182,방산고등학교,송파구,33,797,3,16,4,고,2023
서울특별시교육청,S010005204,신현고등학교,중랑구,27,639,3,18,4,고,2023
서울특별시교육청,S010005206,도봉고등학교,도봉구,7,64,1,4,4,고,2023
서울특별시교육청,S010005208,등촌고등학교,강서구,27,510,3,5,4,고,2023
서울특별시교육청,S010005209,경일고등학교,성동구,19,341,2,3,4,고,2023
서울특별시교육청,S010005261,선유고등학교,영등포구,24,553,3,13,4,고,2023
서울특별시교육청,S010005262,월계고등학교,노원구,27,505,3,11,4,고,2023
서울특별시교육청,S010005263,불암고등학교,노원구,35,798,3,18,4,고,2023
서울특별시교육청,S010005270,세현고등학교,강서구,24,460,3,7,4,고,2023
서울특별시교육청,S010005285,신서고등학교,양천구,24,574,3,20,4,고,2023
서울특별시교육청,S010005288,효문고등학교,도봉구,24,482,3,19,4,고,2023
서울특별시교육청,S010005365,상암고등학교,마포구,33,851,3,22,4,고,2023
서울특별시교육청,S010005498,문정고등학교,송파구,30,719,3,10,4,고,2023
서울특별시교육청,S010005518,삼각산고등학교,강북구,27,626,3,11,4,고,2023
서울특별시교육청,S010005521,신도림고등학교,구로구,27,573,3,14,4,고,2023
서울특별시교육청,S010005522,강일고등학교,강동구,26,564,3,17,4,고,2023
서울특별시교육청,S010005523,성수고등학교,성동구,23,455,2,3,4,고,2023
서울특별시교육청,S010005524,문현고등학교,송파구,27,630,3,17,4,고,2023
서울특별시교육청,S010005525,진관고등학교,은평구,33,819,3,8,4,고,2023
서울특별시교육청,S010005528,구암고등학교,관악구,24,591,3,20,4,고,2023
서울특별시교육청,S010005530,신도고등학교,은평구,27,610,3,20,4,고,2023
서울특별시교육청,S010005536,해성여자고등학교,동대문구,27,623,3,12,4,고,2023
서울특별시교육청,S010005541,솔샘고등학교,강북구,24,547,3,14,4,고,2023
서울특별시교육청,S010005563,선사고등학교,강동구,27,655,3,17,4,고,2023
서울특별시교육청,S010005566,잠일고등학교,송파구,22,420,2,2,4,고,2023
서울특별시교육청,S010005573,휘봉고등학교,동대문구,21,458,3,16,4,고,2023
서울특별시교육청,S010005582,수명고등학교,강서구,24,510,3,9,4,고,2023
서울특별시교육청,S010005583,은평고등학교,은평구,24,494,3,14,4,고,2023
서울특별시교육청,S010005591,가재울고등학교,서대문구,27,662,3,20,4,고,2023
서울특별시교육청,S010006381,금호고등학교,성동구,24,438,3,7,4,고,2023
서울특별시교육청,S010006382,도선고등학교,성동구,24,477,3,12,4,고,2023
서울특별시교육청,S010006558,덕수고등학교(일반고),송파구,23,612,1,3,4,고,2023
교육부,S000003545,서울농학교,종로구,25,96,25,96,5,특수,2023
교육부,S000003553,한국우진학교,마포구,39,184,39,184,5,특수,2023
교육부,S000003610,서울맹학교,종로구,39,177,39,177,5,특수,2023
서울특별시교육청,S010000663,광성하늘빛학교,송파구,7,24,7,24,5,특수,2023
서울특별시교육청,S010000664,누리학교,동작구,7,29,7,29,5,특수,2023
서울특별시교육청,S010000665,교남학교,강서구,15,87,15,87,5,특수,2023
서울특별시교육청,S010000667,다니엘학교,서초구,30,194,30,194,5,특수,2023
서울특별시교육청,S010000669,밀알학교,강남구,31,193,31,193,5,특수,2023
서울특별시교육청,S010000670,서울새롬학교,관악구,16,62,16,62,5,특수,2023
서울특별시교육청,S010000671,서울광진학교,광진구,25,136,25,136,5,특수,2023
서울특별시교육청,S010000673,서울동천학교,노원구,34,196,34,196,5,특수,2023
서울특별시교육청,S010000676,서울삼성학교,동작구,21,99,21,99,5,특수,2023
서울특별시교육청,S010000677,서울애화학교,강북구,24,114,24,114,5,특수,2023
서울특별시교육청,S010000679,서울정문학교,관악구,35,202,35,202,5,특수,2023
서울특별시교육청,S010000680,서울정민학교,노원구,53,221,53,221,5,특수,2023
서울특별시교육청,S010000681,서울정인학교,강북구,31,165,31,165,5,특수,2023
서울특별시교육청,S010000682,서울정진학교,구로구,54,268,54,268,5,특수,2023
서울특별시교육청,S010000683,성베드로학교,구로구,28,174,28,174,5,특수,2023
서울특별시교육청,S010000684,수도사랑의학교,종로구,7,24,7,24,5,특수,2023
서울특별시교육청,S010000686,연세대학교재활학교,서대문구,19,102,19,102,5,특수,2023
서울특별시교육청,S010000688,서울정애학교,강남구,26,151,26,151,5,특수,2023
서울특별시교육청,S010000691,주몽학교,강동구,30,191,30,191,5,특수,2023
서울특별시교육청,S010000694,한국구화학교,강동구,29,166,29,166,5,특수,2023
서울특별시교육청,S010000696,한국육영학교,송파구,29,198,29,198,5,특수,2023
서울특별시교육청,S010000697,한빛맹학교,강북구,23,101,23,101,5,특수,2023
서울특별시교육청,S010002477,은평대영학교,은평구,37,228,37,228,5,특수,2023
서울특별시교육청,S010002520,서울경운학교,종로구,25,137,25,137,5,특수,2023
서울특별시교육청,S010006331,서울다원학교,성북구,17,92,17,92,5,특수,2023
서울특별시교육청,S010006400,서울효정학교,강북구,7,21,7,21,5,특수,2023
서울특별시교육청,S010006411,서울나래학교,서초구,34,119,34,119,5,특수,2023
서울특별시교육청,S010006412,서울서진학교,강서구,34,194,34,194,5,특수,2023
서울특별시교육청,S010006471,서울도솔학교,도봉구,25,115,25,115,5,특수,2023
